{"cameraMode":{"drawMode":0,"name":"Shaded","section":"Shading Mode"},"sceneLighting":true,"audioPlay":false,"sceneViewState":{"m_AlwaysRefresh":false,"showFog":true,"showSkybox":true,"showFlares":true,"showImageEffects":true,"showParticleSystems":true,"showVisualEffectGraphs":true,"m_FxEnabled":true},"in2DMode":false,"pivot":{"x":0.6331987380981445,"y":-0.8674792051315308,"z":-2.236743927001953},"rotation":{"x":-0.0121883200481534,"y":-0.9852293729782105,"z":0.15132105350494386,"w":-0.07937334477901459},"size":20.370485305786134,"orthographic":false}